Guest_ID,Guest_Name_Eg,Guest_Name_Ko,Guest_Grade,Guest_Rate
1,Guest_1,¼Õ´Ô1,1,1
2,Guest_2,¼Õ´Ô2,1,1
3,Guest_3,¼Õ´Ô3,1,1
4,Guest_4,¼Õ´Ô4,1,1
5,Guest_5,¼Õ´Ô5,1,1
6,Guest_6,¼Õ´Ô6,1,1
7,Guest_7,¼Õ´Ô7,1,1
8,Guest_8,¼Õ´Ô8,1,1
9,Guest_9,¼Õ´Ô9,1,1
10,Guest_10,¼Õ´Ô10,1,1
11,Guest_11,¼Õ´Ô11,1,1
12,Guest_12,¼Õ´Ô12,1,1
13,Guest_13,¼Õ´Ô13,1,1
14,Guest_14,¼Õ´Ô14,1,1
15,Guest_15,¼Õ´Ô15,1,1
16,Guest_16,¼Õ´Ô16,1,1
17,Guest_17,¼Õ´Ô17,1,1
18,Guest_18,¼Õ´Ô18,1,1
19,Guest_19,¼Õ´Ô19,1,1
20,Guest_20,¼Õ´Ô20,1,1
21,Guest_21,¼Õ´Ô21,1,1
22,Guest_22,¼Õ´Ô22,1,1
23,Guest_23,¼Õ´Ô23,1,1
24,Guest_24,¼Õ´Ô24,1,1
25,Guest_25,¼Õ´Ô25,1,1
26,Guest_26,¼Õ´Ô26,1,1
27,Guest_27,¼Õ´Ô27,1,1
28,Guest_28,¼Õ´Ô28,1,1
29,Guest_29,¼Õ´Ô29,1,1
30,Guest_30,¼Õ´Ô30,1,1
31,Guest_31,¼Õ´Ô31,2,1
32,Guest_32,¼Õ´Ô32,2,1
33,Guest_33,¼Õ´Ô33,2,1
34,Guest_34,¼Õ´Ô34,2,1
35,Guest_35,¼Õ´Ô35,2,1
36,Guest_36,¼Õ´Ô36,2,1
37,Guest_37,¼Õ´Ô37,2,1
38,Guest_38,¼Õ´Ô38,2,1
39,Guest_39,¼Õ´Ô39,2,1
40,Guest_40,¼Õ´Ô40,2,1
41,Guest_41,¼Õ´Ô41,2,1
42,Guest_42,¼Õ´Ô42,2,1
43,Guest_43,¼Õ´Ô43,2,1
44,Guest_44,¼Õ´Ô44,2,1
45,Guest_45,¼Õ´Ô45,2,1
46,Guest_46,¼Õ´Ô46,2,1
47,Guest_47,¼Õ´Ô47,2,1
48,Guest_48,¼Õ´Ô48,2,1
49,Guest_49,¼Õ´Ô49,2,1
50,Guest_50,¼Õ´Ô50,2,1
51,Guest_51,¼Õ´Ô51,2,1
52,Guest_52,¼Õ´Ô52,2,1
53,Guest_53,¼Õ´Ô53,2,1
54,Guest_54,¼Õ´Ô54,2,1
55,Guest_55,¼Õ´Ô55,2,1
56,Guest_56,¼Õ´Ô56,2,1
57,Guest_57,¼Õ´Ô57,2,1
58,Guest_58,¼Õ´Ô58,2,1
59,Guest_59,¼Õ´Ô59,2,1
60,Guest_60,¼Õ´Ô60,2,1
61,Guest_61,¼Õ´Ô61,3,1
62,Guest_62,¼Õ´Ô62,3,1
63,Guest_63,¼Õ´Ô63,3,1
64,Guest_64,¼Õ´Ô64,3,1
65,Guest_65,¼Õ´Ô65,3,1
66,Guest_66,¼Õ´Ô66,3,1
67,Guest_67,¼Õ´Ô67,3,1
68,Guest_68,¼Õ´Ô68,3,1
69,Guest_69,¼Õ´Ô69,3,1
70,Guest_70,¼Õ´Ô70,3,1
71,Guest_71,¼Õ´Ô71,3,1
72,Guest_72,¼Õ´Ô72,3,1
73,Guest_73,¼Õ´Ô73,3,1
74,Guest_74,¼Õ´Ô74,3,1
75,Guest_75,¼Õ´Ô75,3,1
76,Guest_76,¼Õ´Ô76,3,1
77,Guest_77,¼Õ´Ô77,3,1
78,Guest_78,¼Õ´Ô78,3,1
79,Guest_79,¼Õ´Ô79,3,1
80,Guest_80,¼Õ´Ô80,3,1
81,Guest_81,¼Õ´Ô81,3,1
82,Guest_82,¼Õ´Ô82,3,1
83,Guest_83,¼Õ´Ô83,3,1
84,Guest_84,¼Õ´Ô84,3,1
85,Guest_85,¼Õ´Ô85,3,1
86,Guest_86,¼Õ´Ô86,3,1
87,Guest_87,¼Õ´Ô87,3,1
88,Guest_88,¼Õ´Ô88,3,1
89,Guest_89,¼Õ´Ô89,3,1
90,Guest_90,¼Õ´Ô90,3,1
91,Guest_91,¼Õ´Ô91,4,1
92,Guest_92,¼Õ´Ô92,4,1
93,Guest_93,¼Õ´Ô93,4,1
94,Guest_94,¼Õ´Ô94,4,1
95,Guest_95,¼Õ´Ô95,4,1
96,Guest_96,¼Õ´Ô96,4,1
97,Guest_97,¼Õ´Ô97,4,1
98,Guest_98,¼Õ´Ô98,4,1
99,Guest_99,¼Õ´Ô99,4,1
100,Guest_100,¼Õ´Ô100,4,1
101,Guest_101,¼Õ´Ô101,4,1
102,Guest_102,¼Õ´Ô102,4,1
103,Guest_103,¼Õ´Ô103,4,1
104,Guest_104,¼Õ´Ô104,4,1
105,Guest_105,¼Õ´Ô105,4,1
106,Guest_106,¼Õ´Ô106,4,1
107,Guest_107,¼Õ´Ô107,4,1
108,Guest_108,¼Õ´Ô108,4,1
109,Guest_109,¼Õ´Ô109,4,1
110,Guest_110,¼Õ´Ô110,4,1
111,Guest_111,¼Õ´Ô111,4,1
112,Guest_112,¼Õ´Ô112,4,1
113,Guest_113,¼Õ´Ô113,4,1
114,Guest_114,¼Õ´Ô114,4,1
115,Guest_115,¼Õ´Ô115,4,1
116,Guest_116,¼Õ´Ô116,4,1
117,Guest_117,¼Õ´Ô117,4,1
118,Guest_118,¼Õ´Ô118,4,1
119,Guest_119,¼Õ´Ô119,4,1
120,Guest_120,¼Õ´Ô120,4,1
121,Guest_121,¼Õ´Ô121,5,1
122,Guest_122,¼Õ´Ô122,5,1
123,Guest_123,¼Õ´Ô123,5,1
124,Guest_124,¼Õ´Ô124,5,1
125,Guest_125,¼Õ´Ô125,5,1
126,Guest_126,¼Õ´Ô126,5,1
127,Guest_127,¼Õ´Ô127,5,1
128,Guest_128,¼Õ´Ô128,5,1
129,Guest_129,¼Õ´Ô129,5,1
130,Guest_130,¼Õ´Ô130,5,1
131,Guest_131,¼Õ´Ô131,5,1
132,Guest_132,¼Õ´Ô132,5,1
133,Guest_133,¼Õ´Ô133,5,1
134,Guest_134,¼Õ´Ô134,5,1
135,Guest_135,¼Õ´Ô135,5,1
136,Guest_136,¼Õ´Ô136,5,1
137,Guest_137,¼Õ´Ô137,5,1
138,Guest_138,¼Õ´Ô138,5,1
139,Guest_139,¼Õ´Ô139,5,1
140,Guest_140,¼Õ´Ô140,5,1
141,Guest_141,¼Õ´Ô141,5,1
142,Guest_142,¼Õ´Ô142,5,1
143,Guest_143,¼Õ´Ô143,5,1
144,Guest_144,¼Õ´Ô144,5,1
145,Guest_145,¼Õ´Ô145,5,1
146,Guest_146,¼Õ´Ô146,5,1
147,Guest_147,¼Õ´Ô147,5,1
148,Guest_148,¼Õ´Ô148,5,1
149,Guest_149,¼Õ´Ô149,5,1
150,Guest_150,¼Õ´Ô150,5,1
